<?xml version="1.0" encoding="UTF-8"?>
<project-private xmlns="http://www.netbeans.org/ns/project-private/1">
    <editor-bookmarks xmlns="http://www.netbeans.org/ns/editor-bookmarks/2" lastBookmarkId="0"/>
    <open-files xmlns="http://www.netbeans.org/ns/projectui-open-files/2">
        <group>
            <file>file:/C:/Users/hilto/Documents/Java%20Code/Year3Semester1/Cs4125-BoatyMacBoatFace-master/Cs4125-BoatyMacBoatFace-master/CS4125%20project/src/Application/ApplicationMain.java</file>
            <file>file:/C:/Users/hilto/Documents/Java%20Code/Year3Semester1/Cs4125-BoatyMacBoatFace-master/Cs4125-BoatyMacBoatFace-master/CS4125%20project/src/UIpackage/loginUI.java</file>
            <file>file:/C:/Users/hilto/Documents/Java%20Code/Year3Semester1/Cs4125-BoatyMacBoatFace-master/Cs4125-BoatyMacBoatFace-master/CS4125%20project/src/UIpackage/applicationUI.java</file>
            <file>file:/C:/Users/hilto/Documents/Java%20Code/Year3Semester1/Cs4125-BoatyMacBoatFace-master/Cs4125-BoatyMacBoatFace-master/CS4125%20project/src/UIpackage/registrationUI.java</file>
            <file>file:/C:/Users/hilto/Documents/Java%20Code/Year3Semester1/Cs4125-BoatyMacBoatFace-master/Cs4125-BoatyMacBoatFace-master/CS4125%20project/src/UIpackage/gameScreenUI.java</file>
            <file>file:/C:/Users/hilto/Documents/Java%20Code/Year3Semester1/Cs4125-BoatyMacBoatFace-master/Cs4125-BoatyMacBoatFace-master/CS4125%20project/src/UIpackage/leaderboardUI.java</file>
            <file>file:/C:/Users/hilto/Documents/Java%20Code/Year3Semester1/Cs4125-BoatyMacBoatFace-master/Cs4125-BoatyMacBoatFace-master/CS4125%20project/src/UIpackage/changeRatingUI.java</file>
            <file>file:/C:/Users/hilto/Documents/Java%20Code/Year3Semester1/Cs4125-BoatyMacBoatFace-master/Cs4125-BoatyMacBoatFace-master/CS4125%20project/src/UIpackage/UI.java</file>
        </group>
    </open-files>
</project-private>
